Title,Company,Link
Web Developer for BLOX,TownNews,https://stackoverflow.com//jobs/433899/web-developer-for-blox-townnews
"Front-End Developer (HTML, CSS, Vue.js, Animation)",Limesharp,https://stackoverflow.com//jobs/132347/front-end-developer-html-css-vuejs-animation-limesharp
HTML5 / CSS Developer (m/f/d) - Remote,social sweethearts® GmbH,https://stackoverflow.com//jobs/534522/html5-css-developer-m-f-d-remote-social-sweethearts-gmbh
PHP Developer (Laravel | CakePHP | HTML5 | JS | Vue | Nuxt),Continued,https://stackoverflow.com//jobs/522977/php-developer-laravel-cakephp-html5-js-continued
JavaScript Developer,Intelliware Development Inc.,https://stackoverflow.com//jobs/535570/javascript-developer-intelliware-development-inc
Software Engineer,Formstack,https://stackoverflow.com//jobs/537107/software-engineer-formstack
Software Developer - Full Stack,Intelliware Development Inc.,https://stackoverflow.com//jobs/535340/software-developer-full-stack-intelliware-development-inc
[REMOTE] Product Engineer in remote-first browser games company,Crazy Games,https://stackoverflow.com//jobs/353692/remote-product-engineer-in-remote-first-browser-crazy-games
"Senior Software Engineer - Full-stack (Python, React)",Invitae Corporation,https://stackoverflow.com//jobs/522534/senior-software-engineer-full-stack-python-invitae-corporation
Senior Developer (Python/Django)- Remote,JBS Custom Software Solutions,https://stackoverflow.com//jobs/528408/senior-developer-python-django-remote-jbs-custom-software-solutions
Senior Software Engineer (Java)- Remote,JBS Custom Software Solutions,https://stackoverflow.com//jobs/538121/senior-software-engineer-java-remote-jbs-custom-software-solutions
Senior Laravel / VUE Developer (Remote),Curotec,https://stackoverflow.com//jobs/533450/senior-laravel-vue-developer-remote-curotec
Senior Software Engineer,Leverege,https://stackoverflow.com//jobs/468965/senior-software-engineer-leverege
Python Developer (Remote),Finsera,https://stackoverflow.com//jobs/524065/python-developer-remote-finsera
Software Technical Lead,Invitae Corporation,https://stackoverflow.com//jobs/522368/software-technical-lead-invitae-corporation
Senior Front-end Developer (Remote),SORAMITSU,https://stackoverflow.com//jobs/522571/senior-front-end-developer-remote-soramitsu
Senior Full-Stack Django/Python Developer,"Share Edge, LLC",https://stackoverflow.com//jobs/501234/senior-full-stack-django-python-developer-share-edge-llc
Senior Backend / Ruby on Rails Developer (Remote),iubenda,https://stackoverflow.com//jobs/536269/senior-backend-ruby-on-rails-developer-remote-iubenda
Senior Software Engineer - Backend (Remote),HireVue,https://stackoverflow.com//jobs/537673/senior-software-engineer-backend-remote-hirevue
Full-Stack Web Developer,Hades Technologies AG,https://stackoverflow.com//jobs/518151/full-stack-web-developer-hades-technologies-ag
Software Engineer full-stack .NET - Workflow Team,IHS Markit,https://stackoverflow.com//jobs/508696/software-engineer-full-stack-net-workflow-team-ihs-markit
"Remote Senior Software Engineer, JavaScript",Verys,https://stackoverflow.com//jobs/536604/remote-senior-software-engineer-javascript-verys
Senior Software Engineer full-stack .NET - Workflow Team,IHS Markit,https://stackoverflow.com//jobs/508695/senior-software-engineer-full-stack-net-ihs-markit
Intertoob Scanner Builder (Fullstack Engineer),Carve Systems,https://stackoverflow.com//jobs/517498/intertoob-scanner-builder-fullstack-engineer-carve-systems
Full Stack Developer (Django + React),Self Decode,https://stackoverflow.com//jobs/524866/full-stack-developer-django-plus-react-self-decode
Intertoob Scanner Builder (Fullstack Engineer),Carve Systems,https://stackoverflow.com//jobs/517498/intertoob-scanner-builder-fullstack-engineer-carve-systems
Full Stack Developer (Django + React),Self Decode,https://stackoverflow.com//jobs/524866/full-stack-developer-django-plus-react-self-decode
Full Stack Software Developer,ThoughtExchange,https://stackoverflow.com//jobs/507944/full-stack-software-developer-thoughtexchange
Full Stack Developer (Back End Focus),HomeLister,https://stackoverflow.com//jobs/520171/full-stack-developer-back-end-focus-homelister
Senior Full Stack Engineer at Leading Education Company,Tynker,https://stackoverflow.com//jobs/494562/senior-full-stack-engineer-at-leading-education-tynker
Senior Software Engineer / Ruby or Elixir/ Full-Stack/ Remote,The RealReal,https://stackoverflow.com//jobs/522850/senior-software-engineer-ruby-or-elixir-full-the-realreal
Senior Python Developer Remote (f/m/d),Ambient,https://stackoverflow.com//jobs/493874/senior-python-developer-remote-f-m-d-ambient
Software Engineer I,Energy Worldnet,https://stackoverflow.com//jobs/529297/software-engineer-i-energy-worldnet
React Front End Developer,"Daupler, Inc.",https://stackoverflow.com//jobs/523351/react-front-end-developer-daupler-inc
Software Developer (remote or onsite),Aptera Software,https://stackoverflow.com//jobs/455016/software-developer-remote-or-onsite-aptera-software
Software Engineer - Elixir,SureSwift Capital,https://stackoverflow.com//jobs/536575/software-engineer-elixir-sureswift-capital
Senior Full-Stack Developer (Remote),Slido,https://stackoverflow.com//jobs/519749/senior-full-stack-developer-remote-slido
Software Engineer - Backend Platform,SWIMLANE INC,https://stackoverflow.com//jobs/535572/software-engineer-backend-platform-swimlane-inc
Software Architect (Django/Flask + React),Self Decode,https://stackoverflow.com//jobs/522628/software-architect-django-flask-plus-react-self-decode
Full Stack Scala Developer - CA (Remote),Xtiva Financial Systems,https://stackoverflow.com//jobs/536109/full-stack-scala-developer-ca-remote-xtiva-financial-systems
Full-Stack Developer E-Commerce Solutions (m/w/d) remote,AL-KO Geräte GmbH,https://stackoverflow.com//jobs/529179/full-stack-developer-e-commerce-solutions-m-w-d-al-ko-ger%C3%A4te-gmbh
Full Stack Web Developer (remote/onsite),BeamNG GmbH,https://stackoverflow.com//jobs/532816/full-stack-web-developer-remote-onsite-beamng-gmbh
Senior Python/Django Full-stack Developer,Apicbase Belgium,https://stackoverflow.com//jobs/515716/senior-python-django-full-stack-developer-apicbase-belgium
Software Architect - SaaS (.NET),Plex Systems,https://stackoverflow.com//jobs/529197/software-architect-saas-net-plex-systems
.net developer - for Europe’s Leading Product Company (m/f/d),billwerk GmbH,https://stackoverflow.com//jobs/504579/net-developer-for-europe-s-leading-product-billwerk-gmbh
"Senior Software Engineer (C#, Backend Web, Azure)","Trainer Road, LLC",https://stackoverflow.com//jobs/277902/senior-software-engineer-c-sharp-backend-web-azure-trainer-road-llc
Ruby on Rail Developers - USA (Remote),Within3 Inc,https://stackoverflow.com//jobs/525641/ruby-on-rail-developers-usa-remote-within3-inc
Frontend Developer (LATAM REMOTE),Arative Technologies,https://stackoverflow.com//jobs/528678/frontend-developer-latam-remote-arative-technologies
JavaScript/Vue.js Developer - EdTech player oferring high-quality online courses,Pentalog,https://stackoverflow.com//jobs/530839/javascript-vuejs-developer-edtech-player-pentalog
Software Engineer,Ozmo,https://stackoverflow.com//jobs/537937/software-engineer-ozmo
Frontend Developer / Headless Expert,Magnolia International Ltd.,https://stackoverflow.com//jobs/525573/frontend-developer-headless-expert-magnolia-international-ltd
Full-Stack Software Engineer (Archive Product),Gaggle,https://stackoverflow.com//jobs/535044/full-stack-software-engineer-archive-product-gaggle
Remote Full Stack Developer,"Nelnet",https://stackoverflow.com//jobs/536860/remote-full-stack-developer-nelnet
Software Engineer,Ozmo,https://stackoverflow.com//jobs/537937/software-engineer-ozmo
Full Stack / Front-end Engineer (Ed-Tech Startup),Schoolytics,https://stackoverflow.com//jobs/529606/full-stack-front-end-engineer-ed-tech-startup-schoolytics
Senior Frontend Engineer - Databento (Fully Remote),Unusual Ventures,https://stackoverflow.com//jobs/524277/senior-frontend-engineer-databento-fully-unusual-ventures
UK-Based Remote Full Stack Web Developer (Angular / NodeJS / AWS),WUSTL International,https://stackoverflow.com//jobs/518475/uk-based-remote-full-stack-web-developer-angular-wustl-international
"Senior Full Stack Software Developer (C#, .NET Core, Dapper, Angular, NgRx,Azure",Authority Partners,https://stackoverflow.com//jobs/534486/senior-full-stack-software-developer-c-sharp-net-authority-partners
Senior Node/React Full-Stack Developer,"Gorilla Logic, Inc.",https://stackoverflow.com//jobs/523491/senior-node-react-full-stack-developer-gorilla-logic-inc
Front-end Engineer (Full-Remote in Japan*),PayPay Corporation.,https://stackoverflow.com//jobs/292635/front-end-engineer-full-remote-in-japan-paypay-corporation
Sr Mobile Developer (iOS/Android)- Remote,JBS Custom Software Solutions,https://stackoverflow.com//jobs/532933/sr-mobile-developer-ios-android-remote-jbs-custom-software-solutions
Remote Fullstack Entwicklerin (m/w/d),Ambient,https://stackoverflow.com//jobs/536559/remote-fullstack-entwicklerin-m-w-d-ambient
Senior Software Engineer Front End,Funraise,https://stackoverflow.com//jobs/537678/senior-software-engineer-front-end-funraise
"Engineering Manager, Elixir Dev Team, 100% remote",The RealReal,https://stackoverflow.com//jobs/530707/engineering-manager-elixir-dev-team-100-remote-the-realreal
Software Engineer Manager - Remote,Medal.tv,https://stackoverflow.com//jobs/524802/software-engineer-manager-remote-medaltv
Software Engineer - Platform,Flock Safety,https://stackoverflow.com//jobs/509417/software-engineer-platform-flock-safety
Software Engineer - Backend (Java),Tutuka,https://stackoverflow.com//jobs/533976/software-engineer-backend-java-tutuka
Senior TypeScript and .Net Developer,MapLarge,https://stackoverflow.com//jobs/482097/senior-typescript-and-net-developer-maplarge
Senior Software Engineer - Front End,Keap,https://stackoverflow.com//jobs/492300/senior-software-engineer-front-end-keap
Senior Software Engineer,uShip,https://stackoverflow.com//jobs/537938/senior-software-engineer-uship
Full Stack Software Developer,WeyMedia,https://stackoverflow.com//jobs/507643/full-stack-software-developer-weymedia
Senior Frontend Software Engineer (United States and Canada),Circle,https://stackoverflow.com//jobs/496056/senior-frontend-software-engineer-united-states-circle
Backend Java Developer,Tradeshift,https://stackoverflow.com//jobs/533090/backend-java-developer-tradeshift
Web Developer wanting to join a fast growing company,BigChange Ltd,https://stackoverflow.com//jobs/268103/web-developer-wanting-to-join-a-fast-growing-bigchange-ltd
Frontend Engineer,LiveSchool Inc.,https://stackoverflow.com//jobs/517128/frontend-engineer-liveschool-inc
WordPress Full Stack PHP Developer,TownNews,https://stackoverflow.com//jobs/443220/wordpress-full-stack-php-developer-townnews
Senior Frontend Software Engineer (Europe),Circle,https://stackoverflow.com//jobs/496058/senior-frontend-software-engineer-europe-circle
.Net Software Engineer,Addison Group,https://stackoverflow.com//jobs/512058/net-software-engineer-addison-group
Senior Front-end Developer (Vue.js) - Remote,Insider,https://stackoverflow.com//jobs/456300/senior-front-end-developer-vuejs-remote-insider
Senior Data Engineer,Invitae Corporation,https://stackoverflow.com//jobs/533805/senior-data-engineer-invitae-corporation
Software Engineer - Platform,Flock Safety,https://stackoverflow.com//jobs/509417/software-engineer-platform-flock-safety
Frontend Developer (m/f/d) for leading eCommerce ecosystem for the energy world,epilot,https://stackoverflow.com//jobs/486010/frontend-developer-m-f-d-for-leading-ecommerce-epilot
Senior UI Engineer at fast growing Cybersecurity startup,"ThreatConnect, Inc.",https://stackoverflow.com//jobs/521912/senior-ui-engineer-at-fast-growing-cybersecurity-threatconnect-inc
Software Engineer - Backend (Java),Tutuka,https://stackoverflow.com//jobs/533976/software-engineer-backend-java-tutuka
Senior TypeScript and .Net Developer,MapLarge,https://stackoverflow.com//jobs/482097/senior-typescript-and-net-developer-maplarge
Backend Java Developer,Tradeshift,https://stackoverflow.com//jobs/533090/backend-java-developer-tradeshift
Frontend Angular 11 Software Engineer (REMOTE),Brainbase,https://stackoverflow.com//jobs/529717/frontend-angular-11-software-engineer-remote-brainbase
Senior Software Development Engineer (JavaScript),TESCO PLC,https://stackoverflow.com//jobs/526481/senior-software-development-engineer-javascript-tesco-plc
Cloud Systems Architect,Invitae Corporation,https://stackoverflow.com//jobs/533806/cloud-systems-architect-invitae-corporation
Remote Senior Front-end React Software Engineer (EU/UK only),Vavato,https://stackoverflow.com//jobs/490774/remote-senior-front-end-react-software-engineer-vavato
Software Engineer - Remote,"Linear Financial Technologies, LLC",https://stackoverflow.com//jobs/530410/software-engineer-remote-linear-financial-technologies
Intermediate Software Developer,Susco,https://stackoverflow.com//jobs/532943/intermediate-software-developer-susco
Product Frontend Developer,Flowable,https://stackoverflow.com//jobs/536068/product-frontend-developer-flowable
Frontend Engineer,LiveSchool Inc.,https://stackoverflow.com//jobs/517128/frontend-engineer-liveschool-inc
Software Engineer - Articulate 360,Articulate Inc.,https://stackoverflow.com//jobs/508367/software-engineer-articulate-360-articulate-inc
Senior Full Stack PHP/JS Developer for open source web analytics platform Matomo,InnoCraft,https://stackoverflow.com//jobs/521512/senior-full-stack-php-js-developer-for-open-innocraft
Front End Engineer,Everli,https://stackoverflow.com//jobs/534744/front-end-engineer-everli
Senior Backend Engineer (US Only),"Pie Insurance Holdings, Inc.",https://stackoverflow.com//jobs/529865/senior-backend-engineer-us-only-pie-insurance-holdings-inc
Senior Fullstack Engineer,Homer,https://stackoverflow.com//jobs/529136/senior-fullstack-engineer-homer
Data Infrastructure Engineer,Invitae Corporation,https://stackoverflow.com//jobs/522819/data-infrastructure-engineer-invitae-corporation
Staff Frontend Architect (m/f/d) - remote possible,Jimdo,https://stackoverflow.com//jobs/525809/staff-frontend-architect-m-f-d-remote-possible-jimdo
Data Infrastructure Engineer,Invitae Corporation,https://stackoverflow.com//jobs/522819/data-infrastructure-engineer-invitae-corporation
Lead Front End Software Engineer,"Jack Henry & Associates, Inc.®",https://stackoverflow.com//jobs/531277/lead-front-end-software-engineer-jack-henry-associates-inc
Staff Software Engineer - OPEN TO REMOTE,The RealReal,https://stackoverflow.com//jobs/530699/staff-software-engineer-open-to-remote-the-realreal
JS Fullstack Engineer,Filestage GmbH,https://stackoverflow.com//jobs/537662/js-fullstack-engineer-filestage-gmbh
Senior C# Full stack S/W Developer,Dynamic Planner,https://stackoverflow.com//jobs/538306/senior-c-sharp-full-stack-s-w-developer-dynamic-planner
Full Stack Developer Automotive Visualization (m/f/d),Audi Business Innovation GmbH,https://stackoverflow.com//jobs/538335/full-stack-developer-automotive-visualization-m-audi-business-innovation-gmbh
Senior Full Stack Engineer - Backstage,Spotify,https://stackoverflow.com//jobs/525835/senior-full-stack-engineer-backstage-spotify
Software Engineer - C#/Angular (US REMOTE),Thycotic,https://stackoverflow.com//jobs/529696/software-engineer-c-sharp-angular-us-remote-thycotic
Software-Entwickler für JavaScript / Node.js Applikationen (m/w/d) [100% Remote],elunic AG,https://stackoverflow.com//jobs/533671/software-entwickler-f%C3%BCr-javascript-nodejs-elunic-ag
Software Engineer Front-End (f/m/d),HeidelbergCement AG,https://stackoverflow.com//jobs/537897/software-engineer-front-end-f-m-d-heidelbergcement-ag
Senior Software Engineer,Genesys,https://stackoverflow.com//jobs/526796/senior-software-engineer-genesys
Frontend Architect (m/f/d),SimScale,https://stackoverflow.com//jobs/524758/frontend-architect-m-f-d-simscale
Full Stack Developer,Vaix Limited,https://stackoverflow.com//jobs/525237/full-stack-developer-vaix-limited
Senior Front End Engineer (Remote),Slido,https://stackoverflow.com//jobs/519966/senior-front-end-engineer-remote-slido
Principal Software Engineer,Hobsons,https://stackoverflow.com//jobs/525616/principal-software-engineer-hobsons
Frontend Developer 80-100%,at-point ag,https://stackoverflow.com//jobs/519610/frontend-developer-80-100-at-point-ag
Senior Ruby on Rails Developer | Remote $60-100k,Gatekeeper,https://stackoverflow.com//jobs/500631/senior-ruby-on-rails-developer-remote-60-100k-gatekeeper
Senior Frontend (react/TS) engineer,Prezly,https://stackoverflow.com//jobs/529156/senior-frontend-react-ts-engineer-prezly
"Software Engineer, Back-end (US Only)","Pie Insurance Holdings, Inc.",https://stackoverflow.com//jobs/529866/software-engineer-back-end-us-only-pie-insurance-holdings-inc
"Staff UI Engineer, Platform UI","Sailpoint Technologies, Inc.",https://stackoverflow.com//jobs/536595/staff-ui-engineer-platform-ui-sailpoint-technologies-inc
ASP.NET Web Developer (Mid-Level),Webitects.com Inc.,https://stackoverflow.com//jobs/525646/aspnet-web-developer-mid-level-webitectscom-inc
Full Stack Engineer (f/m/d),CoachHub GmbH,https://stackoverflow.com//jobs/504203/full-stack-engineer-f-m-d-coachhub-gmbh
Remote: Contract Senior Frontend Engineer,The Sensible Code Company,https://stackoverflow.com//jobs/530338/remote-contract-senior-frontend-engineer-the-sensible-code-company
Mid Level C# Developer,Dynamic Planner,https://stackoverflow.com//jobs/538309/mid-level-c-sharp-developer-dynamic-planner
Senior Full Stack Developer (.Net Core/React),Compliance Solutions Strategies,https://stackoverflow.com//jobs/530517/senior-full-stack-developer-net-core-react-compliance-solutions
.NET Developer - REMOTE WORK,BairesDev LLC,https://stackoverflow.com//jobs/538379/net-developer-remote-work-bairesdev-llc
"Frontend Developer (React / Redux), Fully Remote",Headed2,https://stackoverflow.com//jobs/530711/frontend-developer-react-redux-fully-remote-headed2
React Developer,Applaudo Studios,https://stackoverflow.com//jobs/535026/react-developer-applaudo-studios
Frontend Developer 80-100%,at-point ag,https://stackoverflow.com//jobs/519610/frontend-developer-80-100-at-point-ag
Frontend-Developer,knk Group,https://stackoverflow.com//jobs/515919/frontend-developer-knk-group
ASP.NET Web Developer (Mid-Level),Webitects.com Inc.,https://stackoverflow.com//jobs/525646/aspnet-web-developer-mid-level-webitectscom-inc
Full Stack Engineer (f/m/d),CoachHub GmbH,https://stackoverflow.com//jobs/504203/full-stack-engineer-f-m-d-coachhub-gmbh
Remote: Contract Senior Frontend Engineer,The Sensible Code Company,https://stackoverflow.com//jobs/530338/remote-contract-senior-frontend-engineer-the-sensible-code-company
Staff Frontend Architect (m/f/d) - remote possible,Jimdo,https://stackoverflow.com//jobs/525809/staff-frontend-architect-m-f-d-remote-possible-jimdo
Front-End Wordpress Web Developer,Blacksmith Agency,https://stackoverflow.com//jobs/537943/front-end-wordpress-web-developer-blacksmith-agency
"Engineering Manager, Front End",Think Company,https://stackoverflow.com//jobs/536374/engineering-manager-front-end-think-company
"Software Engineer - RPG+Java - Remote $65,000 - $115,000 Annually",O'Reilly Auto Parts,https://stackoverflow.com//jobs/530194/software-engineer-rpg-plusjava-remote-65-000-oreilly-auto-parts
PHP Developer - REMOTE WORK,BairesDev LLC,https://stackoverflow.com//jobs/538386/php-developer-remote-work-bairesdev-llc
Senior Front End Engineer,Cie,https://stackoverflow.com//jobs/528550/senior-front-end-engineer-cie
React Architect - REMOTE WORK,BairesDev LLC,https://stackoverflow.com//jobs/538373/react-architect-remote-work-bairesdev-llc
Full-Stack Developer E-commerce Solutions (m/w/d)  - 100% REMOTE,signundsinn GmbH,https://stackoverflow.com//jobs/527387/full-stack-developer-e-commerce-solutions-m-w-d-signundsinn-gmbh
Python Dev Virtual Lecturer (m/f/d) Remote,DCI - Digital Career Institute gGmbH,https://stackoverflow.com//jobs/336355/python-dev-virtual-lecturer-m-f-d-remote-dci-digital-career
Web Producer,"Computer Futures",https://stackoverflow.com//jobs/525011/web-producer-computer-futures
Senior Fullstack Engineer (Remote),RELE.AI,https://stackoverflow.com//jobs/530328/senior-fullstack-engineer-remote-releai
Senior JavaScript Engineer (Canada Remote),Fullscript,https://stackoverflow.com//jobs/537648/senior-javascript-engineer-canada-remote-fullscript
Web Developer,Voipfone,https://stackoverflow.com//jobs/515923/web-developer-voipfone
Backend Developer (m/w/d) remote,best it GmbH & Co. KG,https://stackoverflow.com//jobs/513393/backend-developer-m-w-d-remote-best-it-gmbh-co-kg
Senior Back-end Web Application Developer (PHP),Kettle,https://stackoverflow.com//jobs/524051/senior-back-end-web-application-developer-php-kettle
Instructor (m/f/d) for Web Development (part-time&freelance),WBS Gruppe,https://stackoverflow.com//jobs/417141/instructor-m-f-d-for-web-development-part-wbs-gruppe
Java Developer,REPAY,https://stackoverflow.com//jobs/486183/java-developer-repay
Web Producer,"Computer Futures",https://stackoverflow.com//jobs/525011/web-producer-computer-futures
Software Engineer (Remote),Listrak Inc.,https://stackoverflow.com//jobs/529269/software-engineer-remote-listrak-inc
Web Developer,Voipfone,https://stackoverflow.com//jobs/515923/web-developer-voipfone
Sr. Software Engineer,Ceros,https://stackoverflow.com//jobs/528104/sr-software-engineer-ceros
Senior JavaScript Engineer (Canada Remote),Fullscript,https://stackoverflow.com//jobs/537648/senior-javascript-engineer-canada-remote-fullscript
Backend Developer (m/w/d) remote,best it GmbH & Co. KG,https://stackoverflow.com//jobs/513393/backend-developer-m-w-d-remote-best-it-gmbh-co-kg
Instructor (m/f/d) for Web Development (part-time&freelance),WBS Gruppe,https://stackoverflow.com//jobs/417141/instructor-m-f-d-for-web-development-part-wbs-gruppe
Software Engineer - Ruby on Rails,Zype,https://stackoverflow.com//jobs/529589/software-engineer-ruby-on-rails-zype
Senior Mobile Developer (React Native),DeansList,https://stackoverflow.com//jobs/496840/senior-mobile-developer-react-native-deanslist
Full-Stack (Ruby on Rails and Javascript) Person Who Can Write Code,"Dorsata, Inc.",https://stackoverflow.com//jobs/312462/full-stack-ruby-on-rails-and-javascript-person-dorsata-inc
Chromium Software Engineer,eyeo GmbH,https://stackoverflow.com//jobs/509364/chromium-software-engineer-eyeo-gmbh
Full Stack Technical Lead,SSENSE,https://stackoverflow.com//jobs/516156/full-stack-technical-lead-ssense
Senior Software Engineer (Full Stack),ActivTrak,https://stackoverflow.com//jobs/533447/senior-software-engineer-full-stack-activtrak
Senior Software Engineer - Ruby on Rails,SureSwift Capital,https://stackoverflow.com//jobs/528618/senior-software-engineer-ruby-on-rails-sureswift-capital
Sr Front End Developer,Genesys,https://stackoverflow.com//jobs/526791/sr-front-end-developer-genesys
Senior and Mid-Level Frontend Developers,Graph Aware Limited,https://stackoverflow.com//jobs/505282/senior-and-mid-level-frontend-developers-graph-aware-limited
"Remote Java Engineer $65,000 -$115,000 Annually",O'Reilly Auto Parts,https://stackoverflow.com//jobs/528814/remote-java-engineer-65-000-115-000-annually-oreilly-auto-parts
Senior Software Engineer,1upHealth,https://stackoverflow.com//jobs/524538/senior-software-engineer-1uphealth
Software Developer - Remote,Tutuka,https://stackoverflow.com//jobs/537276/software-developer-remote-tutuka
Principal Software Engineer (Fully Remote) E-Comm experience required,The RealReal,https://stackoverflow.com//jobs/524509/principal-software-engineer-fully-remote-e-comm-the-realreal
Senior Javascript Developer,AIR MILES,https://stackoverflow.com//jobs/530138/senior-javascript-developer-air-miles
Fullstack Entwickler (m/w/d) in Hamburg,"Computer Futures",https://stackoverflow.com//jobs/522732/fullstack-entwickler-m-w-d-in-hamburg-computer-futures
Senior Full Stack Engineer (f/m/d),CoachHub GmbH,https://stackoverflow.com//jobs/504201/senior-full-stack-engineer-f-m-d-coachhub-gmbh
JavaScript graphics engineer,Sticker Mule,https://stackoverflow.com//jobs/526197/javascript-graphics-engineer-sticker-mule
JavaScript graphics engineer,Sticker Mule,https://stackoverflow.com//jobs/526197/javascript-graphics-engineer-sticker-mule
Front-End Developer (React.js) - Platform mananging branded products (Remote),Pentalog,https://stackoverflow.com//jobs/530836/front-end-developer-reactjs-platform-pentalog
"Associate Engineering Manager, Ruby/Elixir, Remote",The RealReal,https://stackoverflow.com//jobs/535046/associate-engineering-manager-ruby-elixir-remote-the-realreal
Senior Full-Stack JavaScript Developer,"Scratch Financial, Inc",https://stackoverflow.com//jobs/528989/senior-full-stack-javascript-developer-scratch-financial-inc
Sr. Cloud Support Engineer,"Sailpoint Technologies, Inc.",https://stackoverflow.com//jobs/536838/sr-cloud-support-engineer-sailpoint-technologies-inc
Senior Software Engineer - Frontend (location flexible),Quartz Media Inc,https://stackoverflow.com//jobs/533790/senior-software-engineer-frontend-location-quartz-media-inc
Senior Full-Stack Web Application Engineer,"Fine-Tuned Bits, Inc.",https://stackoverflow.com//jobs/526797/senior-full-stack-web-application-engineer-fine-tuned-bits-inc
"Full Stack Developer (React, Node.JS, AWS)",Addison Group,https://stackoverflow.com//jobs/527049/full-stack-developer-react-nodejs-aws-addison-group
Trainer:in (m/w/d) Full Stack Web & App Development,WBS Gruppe,https://stackoverflow.com//jobs/529169/trainer-in-m-w-d-full-stack-web-app-wbs-gruppe
Web/Mobile Developer (m/w/d),Dedalus HealthCare Systems Group,https://stackoverflow.com//jobs/482358/web-mobile-developer-m-w-d-dedalus-healthcare-systems
Front-End Developer (Shopify),Nolk,https://stackoverflow.com//jobs/533470/front-end-developer-shopify-nolk
Senior Full Stack Web Developer,MapLarge,https://stackoverflow.com//jobs/99708/senior-full-stack-web-developer-maplarge
"Full Stack Engineer, Dashboard",Auth0,https://stackoverflow.com//jobs/537923/full-stack-engineer-dashboard-auth0
Senior Java Engineer - Remote,Wallethub,https://stackoverflow.com//jobs/538636/senior-java-engineer-remote-wallethub
"TNX Logistics React Front-end Developer (f/m/d), 100% remote, multiple locations",Transporeon GmbH,https://stackoverflow.com//jobs/535583/tnx-logistics-react-front-end-developer-f-m-d-transporeon-gmbh
FullStack Developer,Envato Mexico,https://stackoverflow.com//jobs/524890/fullstack-developer-envato-mexico
Frontend Developer,Jobandtalent,https://stackoverflow.com//jobs/533664/frontend-developer-jobandtalent
"Senior .Net Software Developer, Team Lead",Geotab,https://stackoverflow.com//jobs/529109/senior-net-software-developer-team-lead-geotab
Web Engineer,Numbrs,https://stackoverflow.com//jobs/524105/web-engineer-numbrs
Marketing Technology Specialist (m/w/d),Peek & Cloppenburg,https://stackoverflow.com//jobs/532905/marketing-technology-specialist-m-w-d-peek-cloppenburg
Senior Fullstack Engineer - Python / Django / React,StyleSeat,https://stackoverflow.com//jobs/522691/senior-fullstack-engineer-python-django-styleseat
Front End Developer,Ark Mortgage,https://stackoverflow.com//jobs/520651/front-end-developer-ark-mortgage
Senior Software Engineer - Ruby on Rails,Zype,https://stackoverflow.com//jobs/514393/senior-software-engineer-ruby-on-rails-zype
Sr. Full Stack Developer,"Simple Technology Solutions, Inc",https://stackoverflow.com//jobs/529889/sr-full-stack-developer-simple-technology-solutions
Fullstack Developer (m/w/d) remote,best it GmbH & Co. KG,https://stackoverflow.com//jobs/512059/fullstack-developer-m-w-d-remote-best-it-gmbh-co-kg
Acquisition Marketing Manager,Voxnest,https://weworkremotely.com//remote-jobs/voxnest-acquisition-marketing-manager
