title,company,location,link
"[전주] 랜선하우스 웹개발, Python",랜선하우스부동산투어,전주 완산구,https://kr.indeed.com/viewjob?jk=90e64b198f0d1e74
첨단소재사업본부 R&D분야 경력사원,LG화학,대전광역시,https://kr.indeed.com/viewjob?jk=2a65fec2531a9cbd
2021 MICE 기업 미니잡페어:비대면 미니잡페어,한국관광공사,대한민국,https://kr.indeed.com/viewjob?jk=1b8a17de7415acfa
SK D&D 하반기 각 부문별 경력직,SK D&D,경기도,https://kr.indeed.com/viewjob?jk=e9ab6f9fb526d8ba
광학솔루션사업부 R&D 신입 석/박사,LG이노텍,경기도 안산,https://kr.indeed.com/viewjob?jk=2ed83a2b5e671038
2021년 (신입) 전문연구요원 모집,NHN,성남 판교역,https://kr.indeed.com/viewjob?jk=9acc17c535b42959
"빅데이터, 인공지능(AI) 외 신입/경력 인턴",스칼라웍스,대한민국,https://kr.indeed.com/viewjob?jk=dfb20fa220f3c478
[뉴딜일자리 사업] 5G AI 활용 영상보안 교육생,한국IT교육원,대구 동구,https://kr.indeed.com/viewjob?jk=ebb960c140dd1e80
빅데이터(IT) 엔지니어 경력직 채용공고,한림대학교성심병원,대한민국,https://kr.indeed.com/viewjob?jk=61c3e3d37ef5d337
전장부품사업부 신입(석사)/경력사원,LG이노텍,서울 마곡역,https://kr.indeed.com/viewjob?jk=e21dcac9755eb411
[고용노동부 K-DIGITAL] 5G AI 자율주행 인력양성 교육생,한국IT교육원,대구 동구,https://kr.indeed.com/viewjob?jk=b45a0e58cbbde92e
품질센터 인재 Pool 등록 (7월 경력),LG에너지솔루션,청주 오창읍,https://kr.indeed.com/viewjob?jk=baef52e762695b76
AI/ML 개발 신입(석/박사) 공개채용,LINE,대한민국,https://kr.indeed.com/viewjob?jk=efe759316b0fec72
Industrial Engineer - Korea,BOEING,부산,https://kr.indeed.com/viewjob?jk=89f20c4eca4f47e5
(광주취업맛집1위)2021년도 국비 기술교육생,대한상공회의소 광주인력개발원,광주 광산구,https://kr.indeed.com/viewjob?jk=b95d00f1145e5ef3
2021년도 제1차 국가보훈대상자,한전KDN,전라남도 나주,https://kr.indeed.com/viewjob?jk=6c218d8999f68f9b
[다음포털] 카카오 콘텐츠 데이터(엔지니어/사이언티스트/모델러) 모집,카카오,대한민국,https://kr.indeed.com/viewjob?jk=387c6b57b19a4825
자산운용팀 전략/리스크팀 Junior Data Scientist (인턴),마이퍼스트에셋자산운용,대한민국,https://kr.indeed.com/viewjob?jk=c8567f9f911a6257
에프앤가이드 - 각 부문 (전문연구요원 포함),에프앤가이드,대한민국,https://kr.indeed.com/viewjob?jk=d5c2721b4f838e42
사내 및 서비스 보안 담당자 (경력),네오위즈,대한민국,https://kr.indeed.com/viewjob?jk=c6cbe4d8dd9afcb1
[LNG발전소] 데이터분석 전문가,에이스파트너스서치펌,충청남도,https://kr.indeed.com/viewjob?jk=fd968da66dd283df
데이터 분석가/사이언티스트(신입/인턴 가능),쏘카,제주도 제주,https://kr.indeed.com/viewjob?jk=55584c627df1acaa
[보안] 보안 솔루션 엔지니어(정규직),위메프,대한민국,https://kr.indeed.com/viewjob?jk=05121752364559cb
DGIST 2019년 제1차 계약직원 공개채용 공고,대구경북과학기술원,대구 현풍면,https://kr.indeed.com/viewjob?jk=4cd34228af5013fd
글로벌 ICT전문가 양성과정 6기 참가자,제이에스엘인재개발원,대전 중구,https://kr.indeed.com/viewjob?jk=72859ab8ad9a7cd0
보안 분야,NHN,성남 판교역,https://kr.indeed.com/viewjob?jk=06d133676285b02e
"웹프로그래머/Python/SQL DB/WebRTC/CSS,PHP etc 신입/경력 정규직",리쉐니에,수원 영통구,https://kr.indeed.com/viewjob?jk=a98eb9cf76d8f726
SK 브로드밴드 Biz Analyst 분야 경력사원,SK 브로드밴드,서울특별시,https://kr.indeed.com/viewjob?jk=ecd0fe8ed259124a
2021 ICT 이노베이션 블록체인&AI 교육생,재단법인경남테크노파크,창원 마산회원구,https://kr.indeed.com/viewjob?jk=a621e7d486f97ea5
백엔드개발 인공지능바이오제약코스닥기업,,대한민국,https://kr.indeed.com/viewjob?jk=4d62f108017056a2
코스닥 상장 게임회사 서비스 보안 담당자,인파트너스,성남 분당구,https://kr.indeed.com/viewjob?jk=7f13c34298c6450b
Vision AI Engineer,LINE,대한민국,https://kr.indeed.com/viewjob?jk=fcfc53a347485341
"[광고 추천] 데이터 과학자, 기계학습(머신러닝) 전문가 모집",카카오,성남 판교역,https://kr.indeed.com/viewjob?jk=8c32b5db8ab28c7d
소프트웨어 개발자(응용프로그램 개발),무하기술,경기도 하남,https://kr.indeed.com/viewjob?jk=631e21076b176191
데이터 사이언티스트 모집,카카오,성남 판교역,https://kr.indeed.com/viewjob?jk=0064deb5fa9cbce0
바람의나라 게임프로그래머,Nexon,성남 분당구,https://kr.indeed.com/viewjob?jk=c04309036d0a44a1
Analog Verification Engineer,Dialog Semiconductor,대한민국,https://kr.indeed.com/viewjob?jk=39e827a8a7606cc6
Social Media Data Analyst,LINE,대한민국,https://kr.indeed.com/viewjob?jk=69d4b3c59c01a15d
포항공과대학교 포항가속기연구소 정규직 직원,포항공대가속기연구소,포항 남구,https://kr.indeed.com/viewjob?jk=3c26fd6eb05d00a3
소형전지사업부/기술혁신센터,삼성SDI,충청남도 천안,https://kr.indeed.com/viewjob?jk=089931931a0474d5
Field Application Engineer,ASML,대한민국,https://kr.indeed.com/viewjob?jk=cf747f81b4fab2cc
데이터 컨설팅 및 분석분야 경력직 (정규직),한국정보기술단,과천 과천시,https://kr.indeed.com/viewjob?jk=376e7df4cd432744
전문연구요원 (병역특례) 수시 (AI / HW 분야),딥엑스,성남 분당구,https://kr.indeed.com/viewjob?jk=78e99625e5de3c95
[타다]데이터 분석가/사이언티스트,쏘카,제주도 제주,https://kr.indeed.com/viewjob?jk=3330430ae94277db
"Python, 인공지능(AI) 외 신입/경력 정규직",피디에프솔루션세미컨덕터테크놀로지코리아,성남 분당구,https://kr.indeed.com/viewjob?jk=45e2530522c7472a
(주)아이옵스 항공우주분야,아이옵스,대전 유성구,https://kr.indeed.com/viewjob?jk=93eeb67be92b56ed
Deep Learning Researcher (Intern),Qualcomm Korea YH,서울,https://kr.indeed.com/viewjob?jk=0f7993638aee82bd
[GC녹십자지놈]AI팀 팀원,녹십자지놈,용인 기흥구,https://kr.indeed.com/viewjob?jk=1cff0856686c501c
카카오 데이터의 가치를 발굴할 데이터 분석가 모집,카카오,성남 판교역,https://kr.indeed.com/viewjob?jk=2b2dcd3ffe3d53df
디지털 분야 직무별 경력사원 모집 공고,삼성화재,서울 서초동,https://kr.indeed.com/viewjob?jk=c1a4bc58f165f954
"교육 기획/운영, 시스템 기획",매직에코,서울 성동구,https://kr.indeed.com/viewjob?jk=9f0ce22eee4259bb
웹 개발자 경력 Java/Php/Javascript/Python/Html/CSS 등 프로젝트 경력자,바이오브레인,대전 서구,https://kr.indeed.com/viewjob?jk=941687b6bbb14d81
Business Analyst,Numerix,대한민국,https://kr.indeed.com/viewjob?jk=79304a56b5a6379b
Data Scientist,Nova Measuring Instruments,경기도 화성,https://kr.indeed.com/viewjob?jk=d330e919051497ab
[신입/경력] 의료영상/음성인식/생체신호 연구원,뷰노코리아,서울 서초구,https://kr.indeed.com/viewjob?jk=c35e9b72a11aa338
[취업연계] 파이썬 활용 빅데이터 분석 전문가 양성과정 훈련생,한국산업기술협회,서울 금천구,https://kr.indeed.com/viewjob?jk=a38c881248da7e5e
[위메프오] 서버개발자(정규직),위메프,대한민국,https://kr.indeed.com/viewjob?jk=43f8edb38c7888c7
Product Development Engineer,KLA-Tencor,경기도 화성,https://kr.indeed.com/viewjob?jk=59bfeb68f785d534
Data Mining Specialist,Thermo Fisher Scientific,서울,https://kr.indeed.com/viewjob?jk=6b7898d1f5c43c37
[쿠키런: 오븐브레이크] 서버 소프트웨어 엔지니어 (신입),데브시스터즈,서울 강남구,https://kr.indeed.com/viewjob?jk=c21860c294b20700
[EY컨설팅] 컨설팅본부 Data & Analytics팀 (데이터 전략 및 3개 포지션) 경력 컨설턴트 모집,EY,대한민국,https://kr.indeed.com/viewjob?jk=e951171f8f1cb118
VPS Application Engineer - HAV,Siemens,경기도 성남,https://kr.indeed.com/viewjob?jk=57937c9652167475
System Engineering 유명포털기업,,경기도,https://kr.indeed.com/viewjob?jk=c40cc19fea34b701
"웹프로그래머/Python/SQL DB/WebRTC/CSS,PHP etc 신입/경력 정규직",리쉐니에,수원 영통구,https://kr.indeed.com/viewjob?jk=a98eb9cf76d8f726
[법무법인(유) 율촌] 로펌 경영정보팀,법무법인 (유한)율촌,서울 강남구,https://kr.indeed.com/viewjob?jk=94d2429fcb791b3d
"S/W 엔지니어, 데이터분석 신입/경력 정규직, 인턴",가치랩스,성남 분당구,https://kr.indeed.com/viewjob?jk=5ea9ea023c6ccc03
NLP Researcher,AITRICS,서울,https://kr.indeed.com/viewjob?jk=3cf01580ba5eb23a
[타다]데이터 분석가/사이언티스트,쏘카,제주도 제주,https://kr.indeed.com/viewjob?jk=3330430ae94277db
Data Scientist,Boston Consulting Group,서울,https://kr.indeed.com/viewjob?jk=ccd4f5407a32ba6a
[넥슨·엔씨소프트등] 자바·파이썬 응용SW 개발자 양성교육 · 동종업계 신입 초봉5천1,한국직업전문학교,서울 구로구,https://kr.indeed.com/viewjob?jk=4698c0e2364b5576
Machine Learning Engineer (LINE TIMELINE),LINE Plus corporation,대한민국,https://kr.indeed.com/viewjob?jk=bea34fbb2f401c90
교육 웹 서비스 기획/ 콘텐츠 서비스 기획,매직에코,서울 성동구,https://kr.indeed.com/viewjob?jk=043516001b6ef966
Application Engineer - HAV,Siemens,경기도 성남,https://kr.indeed.com/viewjob?jk=7fccab444e235947
SK 브로드밴드 Biz Analyst 분야 경력사원,SK 브로드밴드,서울특별시,https://kr.indeed.com/viewjob?jk=ecd0fe8ed259124a
빅데이터(IT) 엔지니어 경력직 채용공고,한림대학교성심병원,대한민국,https://kr.indeed.com/viewjob?jk=61c3e3d37ef5d337
Elasticsearch Engineer for Data Platform,LINE,대한민국,https://kr.indeed.com/viewjob?jk=005a2c1374183623
[긴급]스마트폰 어플리케이션 App 개발에 관심많은 전산팀원,슈카,서울 용산구,https://kr.indeed.com/viewjob?jk=eb18737c58597027
웹솔루션 개발 사원 (JAVA/Python),대연씨앤아이,서울 구로구,https://kr.indeed.com/viewjob?jk=f1b88a032cf47dfc
딥러닝 영상처리 소프트웨어 개발자,지오비전,강원도 춘천,https://kr.indeed.com/viewjob?jk=d2ec77080face34b
(주)엘솔루 R&D본부 ASR팀 개발직,㈜엘솔루,서울,https://kr.indeed.com/viewjob?jk=21d3193d83f66ebb
2021년 상반기 R&D 개발자 (병역특례 가능/경력 무관),네오스텍,인천 연수구,https://kr.indeed.com/viewjob?jk=754be9e3d78fa802
꿈꾸는 개발자 데뷔코스 싹(SSAC) 3기 교육생,재단법인 서울산업진흥원,서울 영등포구,https://kr.indeed.com/viewjob?jk=47209d0b3b717673
(광주취업맛집1위)2021년도 국비 기술교육생,대한상공회의소 광주인력개발원,광주 광산구,https://kr.indeed.com/viewjob?jk=b95d00f1145e5ef3
GEDP,GE Appliances,경기도 성남,https://kr.indeed.com/viewjob?jk=29faa893f345e036
Cognitive and AI Engineer,IBM,서울,https://kr.indeed.com/viewjob?jk=56ae562b9563988d
8퍼센트 개발자 (신입/경력),8퍼센트,서울 종로구,https://kr.indeed.com/viewjob?jk=8af26b37623864c4
Social Media Data Analyst,LINE,대한민국,https://kr.indeed.com/viewjob?jk=69d4b3c59c01a15d
"Analyst, Data Science",Nielsen,서울,https://kr.indeed.com/viewjob?jk=61b0c0fde5bb6acc
Graduate Energy Storage Engineer,Mott MacDonald,대한민국,https://kr.indeed.com/viewjob?jk=f6880357422fc8ad
Data Scientist,Barbaricum,경기도 평택,https://kr.indeed.com/viewjob?jk=e4e7e2e0d73f981f
(Sr.) BI & Sales Ops Analyst,BD,서울,https://kr.indeed.com/viewjob?jk=c50025fa1e702b48
데이터 전문가(모델러/분석가/엔지니어) 모집,카카오,성남 판교역,https://kr.indeed.com/viewjob?jk=ac9068957c550cb3
Machine Learning Engineer (LINE TIMELINE),LINE,대한민국,https://kr.indeed.com/viewjob?jk=764c34063040edd1
"Customer Engineer, Machine Learning, Google Cloud Customers",Google,서울,https://kr.indeed.com/viewjob?jk=add880a19f345249
BIOS/Firmware Engineer,Intel,서울,https://kr.indeed.com/viewjob?jk=36df1dfea186e63e
[선착순 마감]2021 싹(SSAC)캠퍼스 SW개발자 전문과정 교육생,한컴아카데미,서울 영등포구,https://kr.indeed.com/viewjob?jk=cfaf679cf1dfdcdb
백엔드 개발자,Nexon,성남 분당구,https://kr.indeed.com/viewjob?jk=5964e895e5eaa8e5
2019 Military Service Exemption Position Available at the IB...,울산과학기술원,울산 언양읍,https://kr.indeed.com/viewjob?jk=8becbf73bbda7c96
데이터 엔지니어,RIDI Corp,서울,https://kr.indeed.com/viewjob?jk=65a8082a6fb01ce1
"경남 ICT 이노베이션스퀘어 사업 인공지능, 블록체인 교육생",재단법인경남테크노파크,창원 마산회원구,https://kr.indeed.com/viewjob?jk=182ff131c1605ce2
